Actual_PM2.5,Single_LSTM,Attention_MultiFactor_LSTM,Integrated_Dual_Model,Error
100.0,105.37271,83.87933,82.8282,17.171798706054688
95.00000000000001,100.07213,87.80632,75.82752,19.172477722167983
87.0,95.88377,92.52484,74.76938,12.230621337890625
76.0,89.767426,97.699585,71.48896,4.511039733886719
66.0,81.151215,103.118965,65.384766,0.615234375
57.0,72.54692,107.43139,67.01379,-10.013786315917969
55.0,64.496666,111.13057,71.11038,-16.110382080078125
60.0,60.92887,114.35255,65.03992,-5.0399169921875
65.0,63.057297,117.01444,92.82683,-27.826828002929688
66.0,66.92568,119.036995,92.73159,-26.731590270996094
65.0,68.62348,120.387115,94.07486,-29.074859619140625
63.00000000000001,68.22434,121.03409,99.28611,-36.2861099243164
68.0,66.4743,120.90884,97.66674,-29.66674041748047
80.0,68.85731,120.2017,94.07486,-14.074859619140625
87.0,77.22238,118.992294,93.61389,-6.6138916015625
96.0,84.112724,117.29691,92.31164,3.6883621215820312
114.0,91.87252,115.21236,96.19257,17.80742645263672
125.0,106.27745,112.928825,84.368385,40.631614685058594
123.0,117.31194,110.77281,137.6573,-14.657302856445312
135.0,117.89364,108.7597,120.23193,14.76806640625
143.0,127.14088,105.47662,99.21082,43.78917694091797
139.0,134.7021,102.88472,96.73318,42.266822814941406
129.0,132.92342,101.23444,99.46946,29.530540466308594
116.0,125.49122,100.74278,98.14196,17.85803985595703
102.0,115.06724,101.36985,88.91225,13.087753295898438
88.0,103.52371,102.92905,114.51169,-26.511688232421875
88.0,91.79701,105.303055,67.36564,20.634361267089844
87.0,89.59931,108.312454,69.12766,17.872337341308594
77.0,88.65001,111.88057,74.826675,2.1733245849609375
66.0,81.86409,114.95092,96.881165,-30.88116455078125
58.0,72.98371,117.34267,94.755104,-36.755104064941406
58.0,65.39491,119.48338,92.45549,-34.45549011230469
60.0,63.154106,121.17742,99.71436,-39.71436309814453
62.0,63.747227,122.43492,111.12307,-49.123069763183594
68.0,65.13371,123.17729,90.83869,-22.83869171142578
71.0,69.24615,123.3353,92.45806,-21.45806121826172
73.0,72.23619,122.931496,93.138306,-20.1383056640625
82.0,74.14307,121.96901,102.06814,-20.068138122558594
104.00000000000001,80.34555,118.68358,94.2117,9.78829956054689
107.0,96.88138,115.1915,98.21236,8.787643432617188
124.0,102.908195,111.82423,79.95181,44.048187255859375
148.0,116.436485,106.322075,89.17172,58.828277587890625
161.0,135.65744,101.29224,100.10804,60.89196014404297
149.0,148.61887,97.12081,111.03215,37.96784973144531
135.0,142.58598,93.75182,108.03277,26.96723175048828
124.0,131.42734,91.03834,102.94462,21.055381774902344
123.0,121.88257,89.053764,97.415825,25.58417510986328
117.00000000000001,120.06593,87.94235,95.031334,21.96866607666017
119.0,115.57866,87.87762,93.133865,25.866134643554688
126.00000000000001,116.82779,88.698875,93.133865,32.8661346435547
128.0,122.58362,90.382545,98.00655,29.993446350097656
118.0,125.30418,92.79083,101.977455,16.022544860839844
103.0,118.524895,96.06019,97.07996,5.920036315917969
102.0,106.747,99.69963,84.53675,17.46324920654297
97.0,104.046974,103.38145,82.25652,14.743476867675781
93.0,99.98813,107.01679,72.951004,20.048995971679688
89.0,96.4904,110.34442,115.79529,-26.7952880859375
87.0,92.99819,113.122955,70.26353,16.736473083496094
87.0,90.82137,115.07905,96.86898,-9.868980407714844
89.99999999999999,90.25191,116.106384,96.86898,-6.868980407714858
92.0,92.09453,116.34941,96.19257,-4.192573547363281
95.00000000000001,93.80524,115.8227,97.02455,-2.0245513916015483
107.0,96.14687,114.72439,174.86378,-67.86378479003906
124.0,104.96653,112.89486,85.234085,38.76591491699219
122.0,119.07617,110.676125,139.21121,-17.211212158203125
117.00000000000001,120.08959,108.119225,92.15481,24.84519195556642
122.0,116.565445,105.03817,89.17172,32.828277587890625
118.0,119.50685,101.69645,93.98812,24.011878967285156
119.0,116.86495,98.52651,91.90802,27.09197998046875
119.0,117.28195,95.93652,97.07996,21.92003631591797
116.0,117.372505,93.92201,96.97877,19.02123260498047
124.0,115.26897,92.40569,92.5651,31.434898376464844
128.0,120.99869,91.52456,97.11652,30.88347625732422
122.0,124.97938,91.46246,100.048874,21.951126098632812
106.0,121.24771,92.03527,97.11652,8.883476257324219
109.0,109.02497,93.124344,88.21999,20.780006408691406
111.99999999999999,109.1822,94.61741,90.55816,21.441841125488267
105.0,111.3468,96.79615,89.31122,15.68878173828125
100.0,106.808754,99.450424,84.53675,15.463249206542969
97.0,102.51054,102.136795,73.713165,23.286834716796875
102.0,99.51046,104.68476,72.28575,29.714248657226562
103.0,102.42547,106.82144,73.555595,29.44440460205078
111.0,103.73995,108.62246,146.4207,-35.42070007324219
115.0,109.79406,109.95376,113.13754,1.862457275390625
115.0,113.84876,110.73636,135.07771,-20.077713012695312
122.0,114.60017,110.90417,134.94344,-12.943435668945312
131.0,119.88716,110.54195,139.21121,-8.211212158203125
149.0,127.466446,109.767296,129.9275,19.072494506835938
151.0,142.57158,108.56678,132.47826,18.521743774414062
141.0,146.04665,107.28426,111.1685,29.831497192382812
137.0,138.88019,105.88041,98.19661,38.80339050292969
131.0,135.2077,104.348175,97.189125,33.810874938964844
128.0,130.10815,102.89954,98.636856,29.363143920898438
131.0,127.34122,101.57082,102.12974,28.870262145996094
140.0,129.40051,100.668396,101.37314,38.626861572265625
148.0,136.78448,100.25607,101.94987,46.050132751464844
136.0,144.15224,100.38351,113.45159,22.54840850830078
117.00000000000001,135.72566,101.148125,99.92541,17.074592590332045
113.00000000000001,120.62243,102.43858,92.47333,20.526672363281264
110.0,115.58149,104.378654,89.17172,20.828277587890625
102.0,112.429634,106.68415,88.02128,13.978721618652344
100.0,106.15194,109.16844,112.517136,-12.517135620117188
101.0,103.6151,111.74531,121.9935,-20.993499755859375
102.0,103.77412,114.11761,117.07963,-15.079627990722656
100.0,104.475174,116.13466,111.493095,-11.493095397949219
95.00000000000001,103.110886,117.779854,143.33856,-48.338562011718736
94.0,99.16803,118.92692,101.11268,-7.112678527832031
95.00000000000001,97.442444,119.42069,98.21236,-3.2123565673827983
103.0,97.55939,119.27689,98.21236,4.7876434326171875
171.99999999999997,103.06784,118.57655,143.33856,28.66143798828122
197.0,154.80768,117.70055,137.27959,59.72041320800781
162.0,180.51581,117.16983,170.2027,-8.20269775390625
126.00000000000001,157.5896,116.334335,138.94788,-12.947875976562486
113.00000000000001,128.8482,115.13071,126.80637,-13.806373596191392
114.0,115.751915,113.54913,91.739655,22.260345458984375
114.0,114.37575,111.67439,94.28319,19.716812133789062
132.0,114.320854,109.962036,117.51805,14.481948852539062
150.0,128.16109,108.30925,99.42913,50.57086944580078
148.0,144.37769,106.81535,111.80093,36.199073791503906
141.0,144.97665,105.670906,110.082886,30.9171142578125
125.0,139.90582,105.13426,99.69659,25.30341339111328
104.00000000000001,126.994804,105.45721,99.21082,4.789176940917983
102.0,109.75893,106.25271,82.42087,19.579132080078125
103.0,105.51919,107.61669,83.75178,19.24822235107422
93.0,105.37327,109.6243,113.382835,-20.382835388183594
82.0,98.337,111.83111,72.74935,9.250648498535156
82.52380952380952,89.29332,113.870255,70.61,11.913808913457956
83.04761904761905,87.457596,115.55334,97.94466,-14.897037324451261
83.57142857142857,87.241585,116.85423,97.94466,-14.373227800641743
84.0952380952381,87.428444,117.74619,97.94466,-13.84941827683221
84.61904761904762,87.65931,118.26139,97.94466,-13.325608753022692
85.14285714285714,87.85359,118.30485,96.171776,-11.028918675013955
85.66666666666667,88.01527,117.79231,96.171776,-10.505109151204422
86.19047619047619,88.15564,116.70559,96.171776,-9.981299627394904
86.71428571428571,88.200005,114.545364,174.55536,-87.84107317243304
87.23809523809523,88.2287,111.31144,74.826675,12.411419823056164
87.76190476190476,88.35127,107.62857,68.43046,19.331446693057103
88.28571428571429,88.5664,103.77102,67.34484,20.940873282296323
88.80952380952382,88.8294,99.81352,70.3229,18.48662494477773
89.33333333333333,89.11502,95.99031,75.60675,13.726582845052079
89.85714285714286,89.42542,92.404305,74.61382,15.243319920131142
90.38095238095238,89.730255,88.85805,72.00418,18.376771472749255
90.90476190476188,90.030235,85.3793,72.599594,18.305167788550946
91.42857142857143,90.360435,82.2702,68.317795,23.110776628766743
91.95238095238095,90.72667,79.71982,68.18335,23.76903134300595
92.47619047619048,91.14162,77.932465,67.98924,24.486947922479544
93.0,91.60914,77.12471,67.312836,25.687164306640625
93.0,92.08942,77.145096,67.312836,25.687164306640625
94.0,92.21175,77.82915,67.312836,26.687164306640625
92.0,92.96782,79.14444,67.83687,24.163131713867188
87.0,91.8025,80.95544,67.50694,19.493057250976562
88.0,88.12839,82.9428,67.62059,20.379409790039062
88.0,87.96189,84.88531,67.50688,20.493118286132812
89.99999999999999,87.94709,86.70807,71.14303,18.856971740722642
98.99999999999999,89.362175,88.37064,72.00418,26.99581909179686
115.0,95.98436,89.705894,72.595764,42.40423583984375
126.00000000000001,108.963646,90.75398,86.29141,39.70858764648439
141.0,119.80533,91.575775,95.71239,45.28761291503906
149.0,133.26962,92.25924,103.304955,45.695045471191406
146.0,141.60986,92.871735,108.567474,37.432525634765625
131.0,140.55069,93.26896,106.268364,24.73163604736328
136.0,129.11798,93.3579,104.55126,31.44873809814453
142.0,131.92693,93.170135,104.8732,37.126800537109375
137.0,136.97166,93.01246,105.78536,31.214637756347656
139.0,134.06667,92.92403,103.304955,35.695045471191406
146.0,135.8003,93.0083,103.7609,42.239097595214844
157.0,141.7048,93.42407,108.567474,48.432525634765625
160.0,151.42578,94.35106,118.20599,41.79400634765625
144.0,155.05191,96.06424,117.68566,26.31433868408203
138.0,142.89711,98.546524,109.08823,28.911773681640625
135.0,137.60674,101.63528,102.1325,32.86750030517578
126.00000000000001,134.66896,105.307884,96.73318,29.26682281494142
107.0,127.554794,109.332794,129.9275,-22.927505493164062
98.0,112.626755,113.447845,89.503586,8.496414184570312
97.0,103.8761,117.1954,111.08345,-14.083450317382812
98.0,101.459305,120.41961,100.692314,-2.6923141479492188
102.0,101.68462,123.08461,99.68012,2.3198776245117188
100.0,104.58386,125.131935,107.132065,-7.1320648193359375
104.00000000000001,103.67874,126.49101,138.32138,-34.32138061523436
123.0,106.21431,127.02385,102.08354,20.916458129882812
126.00000000000001,120.362564,126.9322,111.35226,14.64774322509767
111.99999999999999,124.95803,126.37569,119.21535,-7.215347290039077
106.0,115.27304,125.133415,110.45922,-4.459220886230469
97.0,109.12883,123.209854,108.85834,-11.85833740234375
91.00000000000001,101.22158,120.64998,105.903564,-14.903564453124986
98.0,95.28782,117.561554,97.02455,0.9754486083984375
95.00000000000001,98.790306,114.09715,69.005196,25.994804382324233
83.0,97.34438,110.28138,117.52743,-34.527427673339844
83.0,88.66305,106.20891,67.34484,15.655158996582031
78.0,86.46314,102.21894,69.11772,8.882278442382812
78.0,82.340965,98.54113,70.79053,7.20947265625
84.0,81.11808,94.999245,74.29471,9.705291748046875
83.0,84.65973,91.84339,71.3916,11.6083984375
85.99999999999999,84.760735,89.39069,71.6909,14.309097290039048
89.99999999999999,86.64268,87.616234,73.07986,16.920143127441392
88.0,89.65578,86.56614,71.84023,16.159767150878906
84.0,88.86379,86.26713,72.14416,11.855842590332031
81.0,85.81,86.67296,74.89209,6.10791015625
77.0,82.88947,87.539185,72.01637,4.9836273193359375
73.0,79.355446,88.61792,69.03464,3.965362548828125
72.0,75.68826,89.71653,69.54417,2.4558334350585938
70.0,73.95491,90.622734,70.996864,-0.9968643188476562
75.0,72.10352,91.29965,70.571365,4.4286346435546875
91.00000000000001,74.78257,91.4734,69.46115,21.53884887695314
85.0,86.18292,91.0553,75.7371,9.262901306152344
94.0,85.04689,90.16384,71.6909,22.309097290039062
106.0,90.80663,88.779594,72.00418,33.995819091796875
117.00000000000001,100.503105,87.287224,75.663574,41.336425781250014
113.00000000000001,110.59326,85.73146,86.97842,26.02158355712892
107.0,109.77452,84.16493,82.58291,24.417091369628906
101.0,105.42267,82.38169,82.94191,18.058090209960938
98.99999999999999,100.339516,80.47455,72.00669,26.99330902099608
101.0,98.0044,78.711494,65.29582,35.70417785644531
98.0,99.08034,77.179436,72.23295,25.767051696777344
95.00000000000001,97.380424,76.05504,69.3326,25.66739654541017
91.00000000000001,95.10625,75.288506,68.1448,22.85520172119142
88.0,91.929955,74.87981,67.312836,20.687164306640625
89.0,89.22619,75.02085,67.98924,21.010757446289062
87.0,89.34299,75.65767,67.98924,19.010757446289062
88.0,88.04662,76.80081,67.29204,20.707962036132812
91.00000000000001,88.45907,78.38459,67.37315,23.626846313476577
85.99999999999999,90.633156,80.43259,68.18335,17.816650390624986
79.0,87.72535,82.813934,69.39347,9.606529235839844
74.0,82.25447,85.28162,72.82872,1.1712799072265625
73.0,77.46787,87.67016,68.74909,4.250907897949219
74.0,75.49082,89.89811,69.54417,4.455833435058594
74.0,75.59754,91.6761,69.244865,4.755134582519531
88.0,75.59383,92.86434,71.17345,16.826553344726562
111.0,84.86611,93.30047,73.32018,37.67981719970703
104.00000000000001,103.30156,93.307175,121.083466,-17.08346557617186
127.0,102.518974,92.860214,79.041756,47.95824432373047
136.0,119.09567,91.832115,95.71239,40.28761291503906
145.0,128.74669,90.70436,102.62268,42.3773193359375
149.0,137.42047,89.53298,104.15608,44.84391784667969
134.0,141.86172,88.63285,105.957825,28.04217529296875
179.99999999999997,130.936,87.91068,102.26355,77.73645019531247
183.0,166.33615,87.37353,136.40894,46.591064453125
100.0,171.94131,87.97829,145.08693,-45.08692932128906
100.0,108.262794,88.89116,85.762596,14.237403869628906
96.0,102.53327,89.43419,77.412476,18.5875244140625
103.0,98.0556,90.594055,69.586945,33.413055419921875
115.0,102.78497,91.931946,77.113174,37.88682556152344
109.0,112.82636,94.142334,94.39917,14.600830078125
94.0,110.59723,96.7383,85.86778,8.132217407226562
84.0,99.65232,99.2054,75.02204,8.977958679199219
80.0,90.40476,101.82451,70.96097,9.039031982421875
85.99999999999999,85.44246,104.4731,71.0939,14.90609741210936
78.0,88.271194,107.14981,68.43046,9.569541931152344
80.0,83.521,109.4567,94.201355,-14.20135498046875
91.00000000000001,83.56911,111.255066,70.96653,20.033470153808608
98.0,90.909,112.78525,70.61,27.389999389648438
105.0,97.466705,113.607635,71.95337,33.046630859375
107.99999999999999,103.76732,113.82407,117.07963,-9.07962799072267
111.99999999999999,107.05266,113.41705,84.368385,27.63161468505858
136.0,110.43447,112.46892,84.98879,51.011207580566406
196.0,128.74571,111.10151,105.46127,90.53872680664062
223.99999999999997,175.46718,109.92489,169.95796,54.04203796386716
185.0,202.23735,109.43688,193.67516,-8.675155639648438
164.0,174.9106,109.16655,169.95796,-5.9579620361328125
166.0,159.31879,108.93918,150.54504,15.4549560546875
277.0,159.9959,108.70566,151.28847,125.71153259277344
152.0,253.80542,109.53691,243.47656,-91.4765625
123.0,139.7171,112.48473,102.26452,20.73548126220703
111.99999999999999,126.94394,114.63061,206.42142,-94.42141723632814
85.99999999999999,115.35469,117.30109,114.82025,-28.820251464843764
107.99999999999999,95.597275,119.420944,97.02455,10.975448608398423
105.0,108.37153,121.478516,117.36268,-12.362678527832031
81.0,108.75282,124.28264,108.85834,-27.85833740234375
78.0,92.27347,125.917915,91.83156,-13.831558227539062
93.0,86.636826,127.39738,89.885506,3.1144943237304688
85.0,95.34229,129.03334,91.09043,-6.090431213378906
84.0,91.76816,130.37767,90.647255,-6.647254943847656
91.00000000000001,90.0726,131.60234,95.66355,-4.663551330566392
74.0,94.132774,132.15498,95.81912,-21.819122314453125
85.0,83.22326,132.4934,91.10621,-6.106208801269531
91.00000000000001,87.53636,132.08844,96.73923,-5.739227294921861
107.99999999999999,92.44631,131.22638,92.72224,15.277763366699205
109.0,105.32686,129.77823,105.94776,3.0522384643554688
125.0,108.63662,127.93341,103.951416,21.048583984375
120.99999999999999,120.8044,125.646774,116.93925,4.0607528686523295
106.0,119.61117,122.63463,138.19237,-32.19236755371094
96.0,108.28349,118.773636,110.627396,-14.627395629882812
97.0,98.91707,114.66577,179.49626,-82.49626159667969
105.0,97.54807,110.54545,117.52743,-12.527427673339844
107.0,102.88582,106.38827,72.46998,34.53002166748047
104.00000000000001,105.26963,101.15448,85.40245,18.597549438476577
103.0,103.74723,96.84804,117.9586,-14.958602905273438
97.0,102.79,93.74353,79.93349,17.066513061523438
98.99999999999999,98.33995,91.29735,69.910706,29.089294433593736
104.00000000000001,98.88818,89.97137,77.22825,26.771751403808608
85.0,102.54578,89.371735,77.412476,7.5875244140625
73.0,90.03997,89.40148,72.98454,0.0154571533203125
64.0,79.20282,89.9917,70.015,-6.0149993896484375
76.0,70.47668,90.90731,70.571365,5.4286346435546875
80.0,75.94279,91.75794,69.244865,10.755134582519531
89.99999999999999,80.27004,92.99127,71.95654,18.043457031249986
84.0,88.19296,94.17477,74.80835,9.191650390625
84.0,86.02486,95.24597,80.003845,3.99615478515625
93.0,85.33048,96.038086,78.65861,14.341392517089844
101.0,91.113174,96.48271,75.60675,25.39324951171875
109.0,97.994576,96.64268,68.714424,40.28557586669922
116.0,105.173195,96.36303,90.230865,25.769134521484375
114.0,111.70048,95.755325,94.1828,19.81719970703125
114.0,111.45948,94.6828,94.77425,19.225753784179688
117.00000000000001,111.45551,93.19978,92.43608,24.563919067382827
133.0,113.67755,91.62376,91.57886,41.421142578125
148.0,126.1555,90.13312,100.22282,47.777183532714844
147.0,139.85858,88.95288,103.658714,43.341285705566406
137.0,141.1518,88.03198,105.957825,31.04217529296875
127.0,133.97264,87.467224,100.695305,26.30469512939453
124.0,125.74387,87.142654,99.07851,24.921493530273438
129.0,122.55819,87.24686,97.485306,31.514694213867188
138.0,126.08385,88.0473,99.24245,38.75755310058594
130.0,133.76006,89.587975,101.675674,28.324325561523438
122.75,128.88643,91.78115,102.62268,20.1273193359375
115.5,123.209625,94.61051,102.59706,12.902938842773438
108.25,117.085754,98.22452,91.90802,16.34197998046875
101.0,110.90667,102.090904,83.664055,17.33594512939453
96.0,104.676125,105.85482,82.66616,13.333839416503906
81.0,99.988914,109.295845,102.58204,-21.58203887939453
76.0,88.57978,112.18083,69.912796,6.0872039794921875
79.0,82.57297,114.346756,70.62218,8.377822875976562
71.0,83.00774,115.79394,96.881165,-25.88116455078125
74.0,77.7109,116.37453,93.89944,-19.899436950683594
81.0,78.1096,116.036674,93.89944,-12.899436950683594
94.0,82.69208,114.93843,96.881165,-2.88116455078125
107.0,92.562126,113.09345,69.93359,37.06640625
116.0,103.92509,110.802895,130.3985,-14.39849853515625
132.0,112.72732,108.20399,88.02128,43.978721618652344
131.0,126.14639,105.39388,95.28032,35.71968078613281
129.0,127.440994,102.53593,99.21082,29.78917694091797
186.0,126.16822,99.54806,98.0166,87.9833984375
220.0,168.77448,97.27141,131.97346,88.02653503417969
203.0,199.19968,96.43053,167.66556,35.334442138671875
185.0,189.28146,96.7982,151.73277,33.26722717285156
178.0,176.87894,98.1289,143.15901,34.84098815917969
170.0,171.07953,100.55837,143.86113,26.138870239257812
144.0,164.39671,103.855606,128.53737,15.462631225585938
118.0,143.34203,108.09057,110.23371,7.766288757324219
100.0,122.39765,112.64334,95.041275,4.9587249755859375
116.0,106.782585,116.956566,110.627396,5.3726043701171875
109.0,116.18909,120.91779,123.2099,-14.20989990234375
97.0,112.671036,124.7922,111.40156,-14.401557922363281
95.00000000000001,103.824234,128.19696,104.559715,-9.55971527099608
83.0,100.70835,130.90865,96.747894,-13.747894287109375
89.99999999999999,91.53852,132.87213,94.987144,-4.987144470214858
93.0,94.19104,134.13739,106.03968,-13.039680480957031
92.0,96.73669,134.98595,87.483215,4.51678466796875
116.0,96.485214,134.96484,87.483215,28.51678466796875
126.00000000000001,113.28528,134.22878,124.77772,1.222282409667983
146.0,123.84324,133.02193,121.308586,24.69141387939453
176.0,140.8882,131.29034,125.05315,50.94685363769531
188.0,165.634,129.6255,152.42795,35.572052001953125
160.0,177.58354,128.00443,163.08377,-3.083770751953125
152.0,156.66751,126.46026,133.9307,18.069305419921875
142.0,149.82727,125.0471,132.875,9.125
153.0,140.76694,123.36094,126.906715,26.093284606933594
140.0,148.93272,121.358574,143.29973,-3.2997283935546875
147.0,139.14925,119.69885,127.02352,19.976478576660156
146.0,144.45381,118.295,139.54222,6.4577789306640625
146.0,144.0011,117.42379,139.54222,6.4577789306640625
162.0,144.30746,117.07525,139.54222,22.457778930664062
186.0,157.43512,117.82068,138.94788,47.0521240234375
156.0,178.62125,119.91839,170.2027,-14.20269775390625
129.0,154.52731,122.885345,135.66283,-6.6628265380859375
113.00000000000001,133.07112,126.0564,120.54284,-7.5428390502929545
127.0,118.53041,129.39583,112.40804,14.591957092285156
120.99999999999999,127.040726,132.42491,126.83229,-5.832290649414077
133.0,123.63415,135.2291,112.10123,20.898773193359375
139.0,132.75581,137.60246,123.41425,15.585746765136719
139.0,138.5455,139.47452,132.13707,6.8629302978515625
139.0,139.3858,140.45995,124.406975,14.593025207519531
148.0,139.50432,140.38614,124.406975,23.59302520751953
161.0,146.49625,140.11313,136.8396,24.160400390625
209.0,157.52596,139.64218,144.06152,64.9384765625
256.0,197.78998,139.32188,195.82153,60.178466796875
237.0,237.52599,139.65231,228.23677,8.763229370117188
229.0,221.34056,140.30023,195.18005,33.8199462890625
234.00000000000003,219.08813,140.88667,158.87352,75.12648010253909
241.99999999999997,223.62505,142.1155,200.85156,41.14843749999997
272.0,231.12666,143.95496,205.94766,66.05233764648438
250.0,260.325,146.86194,248.10005,1.8999481201171875
239.0,233.62743,150.42418,222.23477,16.765228271484375
235.00000000000003,229.9011,153.46564,210.47649,24.52351379394534
224.99999999999997,226.15897,156.4894,202.75583,22.244171142578097
224.99999999999997,217.54298,159.60588,206.04045,18.959548950195284
127.0,219.22034,162.71713,166.47473,-39.4747314453125
119.0,133.30388,165.57195,130.5859,-11.585906982421875
102.0,128.32864,167.29053,132.17537,-30.175369262695312
88.0,113.11847,168.78038,135.60045,-47.60044860839844
85.99999999999999,101.36103,169.18839,120.53013,-34.53012847900392
85.99999999999999,97.736084,169.05414,118.05018,-32.050178527832045
94.0,96.79363,168.4749,116.31804,-22.318038940429688
105.0,101.91872,167.17305,106.66587,-1.6658706665039062
95.00000000000001,110.4929,165.82639,116.27367,-21.273666381835923
108.50000000000001,104.6943,164.38931,116.51894,-8.01894378662108
122.0,112.61937,162.76778,120.74728,1.2527236938476562
190.00000000000003,123.45084,161.16188,128.01146,61.98854064941409
176.0,176.3004,159.66753,171.98901,4.010986328125
185.0,171.14632,158.38008,171.13696,13.863037109375
197.0,180.0039,156.84573,166.41273,30.587265014648438
264.0,189.62952,155.57582,173.48135,90.51864624023438
309.0,245.4197,153.4826,240.55493,68.445068359375
188.0,281.91928,152.87196,270.6418,-82.64181518554688
155.0,167.73723,152.73038,164.95647,-9.956466674804688
141.0,156.23508,151.80934,142.95012,-1.9501190185546875
120.0,141.88583,151.17892,134.82481,-14.824813842773438
120.99999999999999,125.29209,150.03624,128.16937,-7.169372558593764
134.0,124.827866,149.08185,129.58017,4.419830322265625
129.0,134.74863,148.34361,131.54616,-2.5461578369140625
128.0,132.18852,146.773,129.78267,-1.7826690673828125
110.0,131.47296,146.21898,123.82227,-13.822273254394531
94.0,117.64339,146.35785,115.03613,-21.0361328125
88.0,103.8728,146.57213,117.59671,-29.596710205078125
73.0,96.78756,146.84355,102.99348,-29.99347686767578
83.0,84.75449,146.88983,102.0886,-19.088600158691406
82.0,88.46353,147.0452,106.23633,-24.236328125
80.0,88.52621,146.75165,102.68504,-22.685043334960938
85.0,86.932526,145.7646,94.05434,-9.054336547851562
92.0,89.55396,144.36414,93.508644,-1.5086441040039062
104.00000000000001,94.61861,142.46677,94.40802,9.591979980468764
120.99999999999999,103.85368,140.05722,111.32001,9.679992675781236
124.0,117.74237,137.18431,113.174736,10.825263977050781
120.0,122.286064,133.97849,130.31546,-10.315460205078125
129.0,119.852974,130.53745,114.350784,14.649215698242188
130.0,125.908264,126.74421,115.56337,14.436630249023438
123.0,127.179756,122.317314,134.92531,-11.925308227539062
116.0,121.89452,116.96173,121.30025,-5.3002471923828125
111.99999999999999,115.93688,112.23665,91.739655,20.26034545898436
111.99999999999999,112.02964,108.12429,87.70371,24.29628753662108
101.0,111.40218,104.478294,85.8643,15.135696411132812
104.00000000000001,103.42394,101.74854,117.43061,-13.430610656738267
107.0,104.20915,99.62652,84.99281,22.007186889648438
113.00000000000001,106.49195,98.14587,84.53675,28.463249206542983
118.0,111.38495,97.31569,89.31122,28.68878173828125
117.00000000000001,116.02698,97.16005,92.618645,24.381355285644545
109.0,116.18997,97.90813,92.618645,16.38135528564453
106.0,110.437515,99.32932,85.15716,20.84284210205078
107.0,107.26984,101.21821,84.53675,22.46324920654297
98.99999999999999,107.3804,103.50781,81.80046,17.1995391845703
103.0,101.68684,105.73664,72.46998,30.53002166748047
113.00000000000001,103.46938,107.64029,115.597305,-2.5973052978515483
120.0,111.02075,109.24256,113.13754,6.862457275390625
128.0,117.662254,110.37899,137.6573,-9.657302856445312
127.0,124.895256,111.08548,102.88747,24.112533569335938
123.0,125.303696,111.38432,102.88747,20.112533569335938
132.0,122.406906,111.08496,99.95515,32.04485321044922
131.0,128.76768,110.32572,146.12149,-15.121490478515625
106.0,128.84448,109.28148,128.69617,-22.6961669921875
105.0,110.37046,107.655266,83.506485,21.493515014648438
104.00000000000001,106.82724,105.47269,81.80046,22.199539184570327
107.0,105.26288,103.06161,82.66616,24.333839416503906
106.0,107.245995,100.38928,84.53675,21.46324920654297
107.0,106.98302,98.127304,84.53675,22.46324920654297
111.99999999999999,107.71111,96.03052,89.365166,22.634834289550767
109.0,111.46645,94.36704,94.77425,14.225753784179688
126.00000000000001,109.952194,93.31716,88.992645,37.00735473632814
123.0,122.22747,92.91009,99.045105,23.95489501953125
123.0,121.941025,93.40087,99.045105,23.95489501953125
114.0,122.09633,94.387566,101.38327,12.616729736328125
113.00000000000001,115.34056,96.00417,93.55803,19.441970825195327
107.0,113.52649,98.10078,89.67195,17.328048706054688
105.0,108.753296,100.63775,84.38451,20.615493774414062
107.0,106.49232,103.28993,81.80046,25.199539184570312
111.99999999999999,107.50528,105.81487,81.80046,30.1995391845703
115.0,111.34262,108.05187,86.94992,28.050079345703125
115.0,114.26487,109.82627,117.51805,-2.5180511474609375
117.00000000000001,114.79977,111.09818,94.28319,22.716812133789077
118.0,116.339455,111.79537,96.65353,21.346473693847656
116.0,117.28359,111.89167,96.99706,19.00293731689453
111.0,115.95258,111.48488,96.65353,14.346473693847656
111.99999999999999,112.037155,110.4131,135.07771,-23.077713012695327
110.0,112.05854,108.7101,117.65233,-7.6523284912109375
111.0,110.58241,106.62302,83.506485,27.493515014648438
106.0,111.09754,104.160194,82.42087,23.579132080078125
98.0,107.56285,101.472466,84.71938,13.280616760253906
98.99999999999999,101.191444,98.880905,74.60168,24.398323059082017
107.99999999999999,100.57968,96.31546,79.43009,28.56990814208983
109.0,106.82015,94.057816,89.26397,19.73603057861328
104.00000000000001,108.78938,92.2543,88.21999,15.78000640869142
115.0,105.610565,91.00929,87.30936,27.690643310546875
127.0,112.88395,90.20087,91.87816,35.12184143066406
124.0,123.02075,90.20238,98.629616,25.370384216308594
116.0,122.50138,91.071304,98.330315,17.66968536376953
104.00000000000001,116.61214,92.62677,95.7435,8.25650024414064
102.0,106.84476,94.63964,90.7104,11.289596557617188
100.0,103.60156,96.830505,117.9586,-17.958602905273438
101.0,101.49338,99.39028,74.60168,26.39832305908203
114.0,101.83793,101.8702,75.3889,38.61109924316406
132.0,111.307365,104.02811,85.8643,46.13569641113281
139.0,126.53977,105.91116,97.55069,41.449310302734375
141.0,134.48268,107.601715,97.818794,43.18120574951172
136.0,137.34161,109.079605,129.93028,6.0697174072265625
128.0,133.89427,110.20417,144.87514,-16.875137329101562
123.0,127.41871,110.81613,147.35283,-24.352828979492188
128.0,122.834206,110.95119,141.82915,-13.829147338867188
127.0,126.023155,110.5621,143.42233,-16.422332763671875
129.0,125.7964,109.655304,125.99697,3.0030288696289062
130.0,127.54362,108.22972,100.29644,29.70355987548828
128.0,128.6644,106.56333,99.0651,28.934898376464844
161.0,127.43976,104.84606,99.21082,61.78917694091797
145.0,153.35681,103.42471,108.45267,36.547332763671875
120.0,143.05334,102.726974,109.148094,10.851905822753906
120.0,123.729866,102.32527,93.68712,26.312881469726562
123.0,121.269295,102.396286,92.47333,30.52667236328125
122.0,122.8999,102.95876,93.68712,28.312881469726562
119.0,122.52276,103.96654,93.68712,25.312881469726562
122.0,120.37421,105.65555,91.06919,30.930809020996094
119.0,122.340935,107.64103,93.558945,25.441055297851562
114.0,120.36615,109.93912,121.78585,-7.785850524902344
117.00000000000001,116.39032,112.418976,91.739655,25.26034545898439
113.00000000000001,117.9126,114.936485,118.34216,-5.342163085937486
107.0,115.10472,117.30785,114.82025,-7.82025146484375
114.0,110.229935,119.0826,111.2478,2.752197265625
124.0,114.34471,120.439156,120.839554,3.1604461669921875
129.0,122.33738,121.32423,128.18777,0.812225341796875
141.0,127.39801,121.61415,134.92531,6.0746917724609375
156.0,137.41466,121.52408,134.92802,21.071975708007812
162.0,150.5179,121.24865,144.12357,17.876434326171875
152.0,156.7717,120.80384,144.15918,7.8408203125
141.0,149.40526,120.1128,136.41214,4.587860107421875
136.0,140.3361,119.09607,128.5234,7.476593017578125
142.0,135.53758,117.74714,126.016,15.984001159667969
159.0,139.72694,116.16362,128.5234,30.476593017578125
151.0,153.87508,114.71547,215.66328,-64.66328430175781
140.0,148.74406,113.28303,110.153175,29.846824645996094
133.0,140.19365,111.96741,107.17839,25.821609497070312
131.0,133.9423,111.24908,104.214966,26.7850341796875
140.0,131.66689,111.04857,105.78321,34.21678924560547
139.0,138.42989,111.5009,105.6784,33.32160186767578
140.0,138.46846,112.69761,100.76454,39.23545837402344
137.0,139.54247,114.374596,100.76454,36.23545837402344
136.0,137.31895,116.54847,128.04045,7.9595489501953125
167.0,136.35394,119.02762,128.04045,38.95954895019531
182.00000000000003,161.08295,121.908,156.58324,25.41676330566409
167.0,175.45728,125.30078,163.70715,3.2928466796875
157.0,164.09312,128.73143,150.19136,6.8086395263671875
135.0,156.0471,132.17775,137.74251,-2.7425079345703125
135.0,137.66896,135.21191,116.61073,18.389266967773438
136.0,136.22409,137.07352,122.873055,13.126945495605469
144.0,136.56966,137.9697,127.21571,16.784286499023438
188.0,143.0707,138.28748,147.62476,40.375244140625
334.0,180.10191,138.33308,179.85248,154.14752197265625
318.0,306.46408,139.73097,295.70016,22.299835205078125
324.0,274.86633,142.61304,256.93542,67.0645751953125
382.0,300.89938,145.85329,286.69623,95.30377197265625
352.99999999999994,354.44955,150.8464,367.57004,-14.570037841796932
283.0,308.3265,157.00711,286.79675,-3.7967529296875
261.0,255.29933,162.82736,246.39838,14.60162353515625
244.0,249.22073,168.72525,258.82904,-14.82904052734375
224.99999999999997,233.037,173.82423,222.06114,2.938858032226534
201.0,218.66847,178.02777,132.72804,68.27195739746094
208.00000000000003,198.51057,181.68083,188.04388,19.95611572265628
206.99999999999997,207.44,184.44827,215.44246,-8.442459106445341
215.0,205.13628,186.56873,204.4133,10.586700439453125
193.0,213.49573,188.25252,218.02211,-25.022109985351562
191.0,192.45552,189.6786,168.48717,22.512832641601562
187.0,192.70253,190.61209,168.48717,18.512832641601562
190.00000000000003,188.29738,191.19846,172.68965,17.310348510742216
183.5,191.18489,191.47806,171.21518,12.284820556640625
177.0,185.103,191.54007,159.78366,17.216339111328125
176.0,179.65555,191.29352,171.02193,4.9780731201171875
184.0,178.53859,190.64651,170.5272,13.472793579101562
210.0,185.15146,189.75496,159.28894,50.7110595703125
227.0,208.05333,188.6976,210.95615,16.043853759765625
227.0,222.58028,187.6875,205.00887,21.991134643554688
219.0,221.78505,186.67218,209.69423,9.305770874023438
232.99999999999997,214.43979,185.60849,222.70747,10.292526245117159
261.0,228.20052,184.46078,223.9375,37.0625
298.0,253.41237,183.52293,237.97318,60.026824951171875
343.99999999999994,285.4575,182.7611,267.1145,76.88549804687494
306.0,324.92224,182.5963,312.32346,-6.323455810546875
318.0,274.86996,182.89462,260.31207,57.68792724609375
305.0,308.08582,183.48784,286.97302,18.0269775390625
296.0,281.41534,184.86703,255.49777,40.502227783203125
257.0,282.10886,186.41406,271.89417,-14.8941650390625
241.0,240.5124,188.13171,241.91855,-0.918548583984375
191.0,235.4042,189.65146,233.29645,-42.29644775390625
174.0,187.64023,190.67238,172.19493,1.8050689697265625
166.0,178.49738,191.22084,171.02193,-5.0219268798828125
150.0,170.65094,191.40695,152.57727,-2.5772705078125
128.0,157.25972,191.11288,139.7671,-11.767105102539062
132.0,139.06378,190.34944,127.34801,4.6519927978515625
113.00000000000001,140.50162,189.29312,128.84793,-15.84793090820311
111.0,125.36355,187.86008,124.907005,-13.907005310058594
116.0,121.85729,186.0894,126.660065,-10.660064697265625
137.0,124.42535,184.24664,120.32065,16.679351806640625
158.0,140.3999,182.2009,127.63961,30.360389709472656
179.0,158.74028,180.11485,149.43365,29.56634521484375
219.0,177.57315,178.19109,140.84543,78.15457153320312
223.0,211.49469,176.52037,230.21559,-7.2155914306640625
206.0,214.98459,175.27246,240.58157,-34.581573486328125
199.00000000000003,200.692,174.15134,198.09035,0.9096527099609659
211.0,195.16148,173.20586,198.0683,12.93170166015625
212.0,205.6759,172.35027,225.02815,-13.028152465820312
206.0,205.53435,171.44223,226.8755,-20.875503540039062
204.0,200.56017,170.022,200.00461,3.995391845703125
201.0,199.1826,167.81898,204.39606,-3.39605712890625
197.99999999999997,196.42288,165.55434,197.44601,0.5539855957030966
188.0,193.9602,163.51875,190.3195,-2.3195037841796875
179.0,185.22849,162.04053,164.46185,14.53814697265625
156.0,177.81783,161.08882,175.10484,-19.104843139648438
151.0,158.30669,160.57631,153.05695,-2.05694580078125
144.0,153.91713,160.54395,140.01903,3.9809722900390625
135.0,147.57993,160.82849,139.66898,-4.668975830078125
137.0,140.04605,161.17831,134.02084,2.979156494140625
131.0,140.89015,161.56381,134.02084,-3.020843505859375
120.99999999999999,136.04118,161.9119,133.53786,-12.537857055664077
111.0,127.79965,161.94914,132.66783,-21.667831420898438
115.0,118.98888,161.2623,125.3935,-10.393501281738281
123.0,120.29438,160.11096,122.63552,0.36447906494140625
140.0,126.11953,158.78345,126.846664,13.153335571289062
159.0,139.8115,157.29005,124.733536,34.26646423339844
170.0,156.4302,155.76466,133.37755,36.62245178222656
188.99999999999997,166.82884,154.14618,166.21066,22.789337158203097
182.00000000000003,183.52081,152.61472,172.32921,9.670791625976591
162.0,177.61272,150.80731,174.28023,-12.280227661132812
164.0,161.0569,148.4807,155.68178,8.318222045898438
185.0,162.106,146.13663,146.93102,38.06898498535156
171.99999999999997,179.46732,143.96169,166.84238,5.157623291015597
153.0,168.65074,141.84148,154.73694,-1.7369384765625
145.0,153.54433,139.72713,142.39323,2.6067657470703125
157.0,146.23709,137.67471,139.82774,17.172256469726562
161.0,155.19672,135.77103,132.54733,28.452667236328125
176.0,158.96884,134.40678,157.67043,18.329574584960938
161.0,172.15639,133.82707,178.9669,-17.966903686523438
149.0,160.09706,134.10786,158.41385,-9.413848876953125
134.0,150.40059,134.80264,128.23906,5.7609405517578125
130.0,137.54834,136.06667,122.47162,7.52838134765625
130.0,133.19038,137.65765,124.73531,5.264686584472656
120.99999999999999,132.51216,139.28505,130.93764,-9.937637329101577
120.99999999999999,125.53301,140.75342,121.49069,-0.4906921386718892
117.00000000000001,124.64138,141.98254,121.31764,-4.317642211914048
116.0,121.30631,142.93825,118.6837,-2.6837005615234375
117.00000000000001,119.95607,143.36125,117.27956,-0.2795562744140483
120.0,120.27606,143.28848,117.27956,2.7204437255859375
136.0,122.35077,142.57484,118.6837,17.316299438476562
192.0,134.60847,141.50594,122.94353,69.05647277832031
322.0,180.23022,140.2722,170.4393,151.56069946289062
267.0,291.86304,140.2491,275.2967,-8.29669189453125
302.0,231.75304,141.2356,206.69147,95.30853271484375
354.0,285.0788,142.82188,263.73776,90.26223754882812
324.0,323.68777,146.73328,319.72064,4.27935791015625
303.0,288.08865,151.64354,274.99808,28.001922607421875
289.0,282.96213,157.12346,262.74432,26.25567626953125
277.0,269.36563,162.64235,255.05896,21.9410400390625
258.0,261.65628,167.47461,257.05518,0.94482421875
272.0,244.59248,172.1866,249.3069,22.693099975585938
267.0,263.86606,176.81215,254.82898,12.1710205078125
236.0,253.9824,181.13625,240.70288,-4.702880859375
206.0,226.37355,184.91461,212.93546,-6.935455322265625
188.0,202.95807,188.09523,193.53636,-5.5363616943359375
177.0,188.9199,190.7005,177.43723,-0.437225341796875
170.0,179.82487,192.52914,171.47202,-1.472015380859375
170.0,173.98416,193.72371,194.36026,-24.360260009765625
213.0,173.98993,194.30273,201.49211,11.507888793945312
192.0,212.04237,194.34047,250.79115,-58.79115295410156
152.0,191.09622,194.0489,196.64993,-44.649932861328125
145.0,159.24112,193.20802,172.52673,-27.5267333984375
152.0,152.43086,192.12144,138.5489,13.451095581054688
171.99999999999997,156.70317,190.68277,139.27238,32.727615356445284
193.0,173.34778,188.8904,168.16829,24.831710815429688
275.0,191.94554,187.13345,168.8371,106.16290283203125
380.00000000000006,263.86346,185.44533,252.47238,127.52761840820318
421.0,356.18808,184.79225,367.5066,53.493408203125
401.0,375.75882,185.50114,367.5066,33.493408203125
298.0,353.82965,187.03494,368.2571,-70.25711059570312
302.0,252.82643,188.81473,242.26118,59.73881530761719
341.0,296.9489,190.65761,275.38455,65.61544799804688
326.0,325.176,193.3046,337.07883,-11.078826904296875
301.0,300.2071,196.11255,300.4477,0.55230712890625
278.0,283.11578,198.57016,267.96497,10.0350341796875
257.0,263.59442,200.65732,267.12057,-10.120574951171875
219.0,247.10991,202.06436,267.13495,-48.13494873046875
179.0,212.98956,203.355,263.73395,-84.73394775390625
165.0,181.55234,204.46454,198.05266,-33.05265808105469
193.0,171.24106,204.88782,197.56317,-4.56317138671875
201.0,195.44638,204.75719,266.9054,-65.9053955078125
168.0,201.50587,204.286,234.44803,-66.44802856445312
152.0,173.08194,203.43134,214.43484,-62.434844970703125
127.0,160.33026,202.27147,179.2753,-52.275299072265625
174.0,138.66498,200.85265,148.02383,25.976165771484375
188.99999999999997,175.06303,199.19084,175.57042,13.429580688476534
213.0,188.89519,197.69446,186.81624,26.183761596679688
234.00000000000003,211.5146,196.0147,226.54146,7.458541870117216
301.0,229.85114,194.4529,240.36723,60.63276672363281
312.0,289.18637,193.19728,296.96863,15.0313720703125
317.0,289.57593,192.5102,274.36646,42.633544921875
318.0,299.14325,192.2337,275.71967,42.28033447265625
320.0,299.191,192.35757,275.71967,44.28033447265625
325.0,302.24506,192.63762,291.8559,33.14410400390625
321.0,307.0216,193.19632,314.45804,6.541961669921875
316.0,301.27448,194.32193,324.58475,-8.584747314453125
304.0,298.2121,195.33737,285.26913,18.730865478515625
313.0,286.10318,196.34956,279.71677,33.283233642578125
308.0,300.51175,197.52708,301.57935,6.420654296875
298.0,290.05368,199.0361,282.19894,15.801055908203125
271.0,283.3914,200.7472,285.7917,-14.79168701171875
266.0,256.55417,202.58249,291.40225,-25.402252197265625
241.99999999999997,258.97885,203.82002,296.15308,-54.15307617187503
200.0,233.34555,204.84406,236.91946,-36.919464111328125
116.0,198.58342,205.45992,216.53922,-100.53921508789062
131.0,130.1877,205.50069,155.34285,-24.342849731445312
137.0,140.8235,204.71382,156.1349,-19.134902954101562
142.0,144.75821,203.4596,185.85078,-43.85078430175781
138.0,149.82811,201.49199,156.83148,-18.83148193359375
133.0,147.0409,199.33063,144.10529,-11.10528564453125
161.0,142.57687,196.88231,140.8071,20.192901611328125
227.0,163.98547,194.22241,190.12367,36.87632751464844
247.0,221.53383,192.02115,196.21277,50.7872314453125
279.0,237.62964,190.21115,223.44763,55.5523681640625
313.0,266.81543,188.71526,249.1065,63.89349365234375
322.0,294.69327,187.89763,275.73447,46.265533447265625
345.0,299.3779,187.52222,275.1248,69.87521362304688
354.0,324.421,187.77963,313.8817,40.1182861328125
337.0,327.66547,188.91441,313.8817,23.1182861328125
368.0,310.309,190.384,298.51248,69.48751831054688
326.0,353.5492,192.31918,364.16653,-38.166534423828125
322.0,286.86288,194.38118,304.99396,17.00604248046875
317.0,310.8704,196.37392,306.90894,10.091064453125
319.0,295.47684,198.69029,276.4908,42.509185791015625
319.0,304.7832,201.18082,310.40628,8.593719482421875
